날짜,운동종목,제목/코스요약,소요시간(분),운동강도(RPE),이동거리(km),페이스,누적상승고도(m),최고고도(m),수심(m),세부종목명,장소/위치,날씨,착용장비,운동메모
2026-04-01,걷기,소바우->에일린의뜰 언덕길 오르막길 걷기 총 4.9km.(50분 소요) ,50,6,4.9,"10'12""",,,,,소바우,맑음,,소바우->에일린의뜰 언덕길 오르막길 걷기 총 4.9km.(50분 소요) 내일은 봉월공원으로 고고~
2026-04-02,걷기,SUA -> 남산 걷기 (왕복35분??) 생각 보다 계속 오르막이네? ㅋ,35,6,4.0,"8'45""",,,,CWT,남산,맑음,,SUA -> 남산 걷기 (왕복35분??) 생각 보다 계속 오르막이네? ㅋ
2026-04-07,걷기,수아->신정초 오르막 걷기 총 3.6km 에게게게,43,6,3.6,"11'57""",,,,,수아,맑음,,수아->신정초 오르막 걷기 총 3.6km 에게게게
2026-04-08,걷기,봉원 공원 스텝 훈련. 줄넘기,35,6,,,,,,,,맑음,,봉원 공원 스텝 훈련. 줄넘기
2026-04-09,걷기,봉월 공원 스텝 훈련 맛뵈기. 나만 다리 후덜덜덜.,35,9,,,,,,,,맑음,,봉월 공원 스텝 훈련 맛뵈기. 나만 다리 후덜덜덜.
2026-04-10,런닝,남산공원까지 뛰고 걷기,35,6,6.0,"5'50""",,,,CWT,남산공원,맑음,,남산공원까지 뛰고 걷기
2026-04-14,걷기,남산공원까지 걷기,35,6,4.0,"8'45""",,,,CWT,남산공원,맑음,,남산공원까지 걷기
2026-04-19,걷기,"절, 스쿼트 쬐매, 종갓집 도서관 걷기(책 반납)",35,6,,,,,,,,맑음,,"절, 스쿼트 쬐매, 종갓집 도서관 걷기(책 반납)"
2026-04-21,걷기,19층 계단 오르기 2회 + 스페셜2,25,6,,,,,,,,맑음,,19층 계단 오르기 2회 + 스페셜2
2026-04-22,걷기,19층 계단 오르기 3회 + 스페셜3,25,6,,,,,,,,맑음,,19층 계단 오르기 3회 + 스페셜3
2026-05-07,걷기,남산까지 같이 걷기. 행복한 시간,35,6,,,,,,,남산,맑음,,남산까지 같이 걷기. 행복한 시간
2026-05-15,걷기,문수테니스장 걷기. 선물로 공 두개 전달(줍줍),35,6,,,,,,,문수테니스장,맑음,,문수테니스장 걷기. 선물로 공 두개 전달(줍줍)
2026-05-17,런닝,유곡-수아 런닝 헥헥,35,8,,,,,,,유곡,맑음,,유곡-수아 런닝 헥헥
2026-05-18,런닝,인라인장 런닝. 새벽부터 인라인 하시는 어르신 두분. 피클볼 벽치기 하시,35,6,,,,,,,,맑음,,인라인장 런닝. 새벽부터 인라인 하시는 어르신 두분. 피클볼 벽치기 하시는 어르신 한분
2026-05-26,걷기,"아침에 남산 걷기, 저녁에 언덕 걷기 1.5만보",117,6,9.8,"11'56""",,,,,남산,맑음,,"아침에 남산 걷기, 저녁에 언덕 걷기 1.5만보"
2026-05-28,등산,본의 아니게 뒷산 등산 + 스페셜,35,6,,,200,,,,,맑음,,본의 아니게 뒷산 등산 + 스페셜
2026-06-04,런닝,문수테니스장 런닝(인터벌 쪼메 만에 지침),35,6,,,,,,,문수테니스장,맑음,,문수테니스장 런닝(인터벌 쪼메 만에 지침)
2026-06-05,걷기,남산 왼손 첫 연습. 안되네.,35,6,,,,,,,남산,맑음,,남산 왼손 첫 연습. 안되네.
2026-06-07,등산,문수산 우천 걷기,35,6,,,400,600,,,문수산,비,,문수산 우천 걷기
2026-06-09,런닝,테니스장 및 축구장 주변 러닝+빠르게 걷기 (6km),36,6,6.0,"6'00""",,,,,,맑음,,테니스장 및 축구장 주변 러닝+빠르게 걷기 (6km)
2026-06-10,걷기,야음에서 랠리 및 숏게임 대결 승리! (양손 포핸드 백핸드) 후!!!!!,35,6,,,,,,,,맑음,,야음에서 랠리 및 숏게임 대결 승리! (양손 포핸드 백핸드) 후!!!!!!!!!!!!
2026-06-12,걷기,1.5만보인데 기억이 안나네 머했지,117,6,9.8,"11'56""",,,,,,맑음,,1.5만보인데 기억이 안나네 머했지
2026-06-14,걷기,남산 ~ 무거동 2시간 반? 왜 꼴랑 1.2만보지 ㅎㅎ,120,6,7.8,"15'23""",,,,,남산,맑음,,남산 ~ 무거동 2시간 반? 왜 꼴랑 1.2만보지 ㅎㅎ
2026-06-17,런닝,"남산루-태화강전망대 오붓한 시간~ 3km / 스페셜2, 유곡~남산 런닝 ",18,8,3.0,"6'00""",,,,,태화강,맑음,,"남산루-태화강전망대 오붓한 시간~ 3km / 스페셜2, 유곡~남산 런닝 땀 뻘뻘
남산 밑에 편의점에서 기다리다가 플레이 볼려고 올라 갔는데 때마침 종료하여 접선"
2026-06-18,걷기,"문수 40분 걷기, 약간 피곤스~",40,6,4.0,"10'00""",,,,CWT,,맑음,,"문수 40분 걷기, 약간 피곤스~"
2026-06-21,걷기,태화강 걷기 1.5hr,90,6,7.0,"12'51""",,,,CWT,태화강,맑음,,태화강 걷기 1.5hr
2026-06-22,런닝,태화강 7km 러닝 (한계인가) + 2km 걷기,42,9,7.0,"6'00""",,,,,태화강,맑음,,태화강 7km 러닝 (한계인가) + 2km 걷기
2026-06-23,걷기,아침 30분 문수테니스장 걷기.,30,6,,,,,,,문수테니스장,맑음,,"아침 30분 문수테니스장 걷기.
7월 필테 등록해서 다행(누군가는 등록 못하게 되어 지송~~)"
2026-06-25,런닝,문수테니스장 걷기 40분/태화강~삼호교~물고기다리 7km 런닝 and 수,40,6,7.0,"5'43""",,,,,태화강,맑음,,"문수테니스장 걷기 40분/태화강~삼호교~물고기다리 7km 런닝 and 수아까지 걷기, 2.1만보(총 19km)"
2026-06-26,걷기,"유곡~수아 숙취해소용 걷기 30분, 스페셜 복구 안됨 두둥. 시계 분실 ",30,6,,,,,,,유곡,맑음,,"유곡~수아 숙취해소용 걷기 30분, 스페셜 복구 안됨 두둥. 시계 분실 사건 발생
분리수거장을 두시간 넘게 찾았지만 그는 떠나고 없었다. 정신머리 하고는...자존감 하락
호연이 한테 폰 잃어 버렸을 때 혼낸거 사과함. 오히려 호연이가 위로함. 괜찮다고
켜지지 않는 시계. 차라리 누가 주워서 써라 마. 그게 마음이 덜 아프것다."
2026-06-27,런닝,유곡~수아 런닝. 대회 출발 전 잠깐 보기,35,6,,,,,,,유곡,맑음,,"유곡~수아 런닝. 대회 출발 전 잠깐 보기
대회하는 걸 full로 보고 싶지만 방법이 없네 (짱구를 좀 굴려보자)
멀리서 마음으로만 응원! 한단계 결과가 올라서 만족. 우승은 다음 기회에
연락이 안되서 궁금한 것도 많았음 ㅎㅎ;"
2026-06-28,등산,"신불산~간월재 등반. 1.6만보, 14km. 255 계단 오르기 수준이라",168,6,14.0,,750,1159,,,신불산~간월재,맑음,,"신불산~간월재 등반. 1.6만보, 14km. 255 계단 오르기 수준이라네. 신불산은 언제 다시 도전 해보려나.,,
젊은 시절 관절, 체력 생각은 버리거라. 나이 듦을 인정하라. 
높은산이건 낮은산이건 항상 힘들다. 산은 산이다.
외롭고 힘든 등산이지만 새벽에 일어나 긴 시간을 보내려면 이 방법 뿐"
2026-06-30,런닝,문수테니스장 런닝. 오늘은 사람이 없네. 6km로 나오는데 그정도는 안뛴,36,6,6.0,"6'00""",,,,,문수테니스장,맑음,,"문수테니스장 런닝. 오늘은 사람이 없네. 6km로 나오는데 그정도는 안뛴거 같은데.
오늘이 화목 새벽 런닝 마지막 day. 이제 필테로 복귀! 수정샘 지발 안다치게 살펴 주셔요
수강신청 잘하자 마!"
2026-07-06,걷기,5km 정도 수아~신정중학교~옥동 걷기. 습도가 높아 땀 줄줄,60,6,5.0,"12'00""",,,,,수아,맑음,,"5km 정도 수아~신정중학교~옥동 걷기. 습도가 높아 땀 줄줄
내일 필테인데 무릎이랑 허리가 좀 나아야 할 긴데."
2026-07-07,프리다이빙,"다리 달달달, Bar 떨어뜨려서 오른쪽 정강이 타격, 호흡 소리 내기",20,6,,,,,,수영/잠영,유곡,맑음,,"다리 달달달, Bar 떨어뜨려서 오른쪽 정강이 타격, 호흡 소리 내기
언제까지 관심 받고 싶은 것이냐
유곡->중구수영장 걷기 ㅋㅋ ㅋㅋㅋㅋㅋㅋㅋㅋ"
2026-07-12,등산,문수산 깔딱고개 전까지 걷기. 다리와 허리가 무거웠던 하루,35,6,,,400,600,,,문수산,맑음,,"문수산 깔딱고개 전까지 걷기. 다리와 허리가 무거웠던 하루
하산 중 마지막에 잘 못 들어가서 다른 동네로 갈뻔...
필테 안가심"
2026-07-13,런닝,수아~신정중학교 슬로우 런닝이후 침대 휴식.,35,6,,,,,,,수아,맑음,,"수아~신정중학교 슬로우 런닝이후 침대 휴식.
다리가 아직 묵직 왜 글치"
2026-07-18,등산,영남알프스-홍류폭포 간단 등반,35,6,,,250,,,,영남알프스,맑음,,"영남알프스-홍류폭포 간단 등반
혼자 갈때는 물이 많드만, 애랑 같이 가니 실폭포였음.
길 여쭤봤던 할배는 거 볼거도 음따 하셨는데 말을 들을거를 ㅋ"
2026-07-19,트레일런닝,유곡테니스장-입화산(204m) 뛰어서 등반 20분 소요. 심장 터질 뻔(,20,9,,,180,204,,,입화산,맑음,,"유곡테니스장-입화산(204m) 뛰어서 등반 20분 소요. 심장 터질 뻔(마지막 깔딱 고개)
KOREA 아저씨는 왕복으로 트레일런닝 하시던데. 대단스"
2026-07-25,프리다이빙,포항 전복 뿔소라 잡이 2일간 실시. 무리해서 허리 삐끗.,35,6,,,,,3.0,해양 채집,포항,맑음,,"포항 전복 뿔소라 잡이 2일간 실시. 무리해서 허리 삐끗.
역시 전복은 한번에 못 잡으면 개고생"
2026-07-28,걷기,문수테니스장 걷기,35,6,,,,,,,문수테니스장,맑음,,문수테니스장 걷기
2026-07-29,런닝,수아 - 신정중학교 런닝. 30분. 땀 범벅,30,8,,,,,,,수아,맑음,,수아 - 신정중학교 런닝. 30분. 땀 범벅
2026-08-04,프리다이빙,수영 12분. 꼴랑 저거에 피곤스,12,6,,,,,,수영/잠영,,맑음,,수영 12분. 꼴랑 저거에 피곤스
2026-08-05,프리다이빙,수영 15분. 꼴랑 저거에 또 피곤스,15,6,,,,,,수영/잠영,,맑음,,수영 15분. 꼴랑 저거에 또 피곤스
2026-08-06,프리다이빙,"평영 100m, 발차기 50m, 자유영 50m, 잠영 100m 연습",35,6,,,,,3.0,수영/잠영,,맑음,,"평영 100m, 발차기 50m, 자유영 50m, 잠영 100m 연습"
2026-08-14,런닝,북구 순환도로 30분 런닝,30,6,,,,,,,북구 순환도로,맑음,,북구 순환도로 30분 런닝
2026-08-17,런닝,태화강 6km. 30분 런닝 후 걷기 총 1hr,90,6,6.0,"15'00""",,,,,태화강,맑음,,태화강 6km. 30분 런닝 후 걷기 총 1hr
2026-08-18,런닝,북부순환도로 30분 런닝,30,6,,,,,,,북부순환도로,맑음,,북부순환도로 30분 런닝
